Workbook

Sheet 1 курс
A1: Дни | C1: Часы | F1: РУПО 11 | AR1: Ауд. | AU1: Дни | AW1: Часы | AZ1: РУПО 12 | CL1: Ауд.
A2: Недели | C2: Занятий | AU2: Недели | AW2: Занятий
A3: =Даты!$B$2&" "&Даты!$C$2 -> Понедельник 21.09 | C3: 8:30-9:30 | E3: 1 | AU3: =Даты!$B$2&" "&Даты!$C$2 -> Понедельник 21.09 | AW3: 8:30-9:30 | AY3: 1 | AZ3: Русский язык | CL3: 84
AZ4: Ватолина О.А.
C5: 10:00-11:00 | E5: 2 | AW5: 10:00-11:00 | AY5: 2 | AZ5: Физическая культура | CL5: Спорт зал
AZ6: Демченков В.А.
C7: 11:10-12:10 | E7: 3 | AW7: 11:10-12:10 | AY7: 3 | AZ7: Математика | CL7: 84
AZ8: Макарова Н.П.
C9: 12:10-12:55 | AW9: 12:10-12:55
C11: 12:55-13:40 | AW11: 12:55-13:40
C13: 13:40-14:40 | E13: 4 | F13: Русский язык | AR13: 74 | AW13: 13:40-14:40 | AY13: 4
F14: Ватолина О.А.
C15: 15:10-16:10 | E15: 5 | F15: Математика | AR15: 84 | AW15: 15:10-16:10 | AY15: 5
F16: Макарова Н.П.
C17: 16:20-17:20 | E17: 6 | F17: Физическая культура | AR17: Спорт зал | AW17: 16:20-17:20 | AY17: 6
F18: Демченков В.А.
C19: 17:30-18:30 | E19: 7 | F19: Биология | AR19: 84 | AW19: 17:30-18:30 | AY19: 7
F20: Худякова Н.А.
A21: =Даты!$B$3&" "&Даты!$C$3 -> Вторник 22.09 | C21: 8:30-10:00 | E21: 1 | AU21: =Даты!$B$3&" "&Даты!$C$3 -> Вторник 22.09 | AW21: 8:30-10:00 | AY21: 1
C23: 10:30-12:00 | E23: 2 | AW23: 10:30-12:00 | AY23: 2
C25: 12:10-13:40 | E25: 3 | F25: Информатика | AR25: 13 | AW25: 12:10-13:40 | AY25: 3 | AZ25: Русский язык | CL25: 89
F26: Тетенькин Д.А. | AZ26: Ватолина О.А.
C27: 13:50-15:20 | E27: 4 | F27: Математика | AR27: 84 | AW27: 13:50-15:20 | AY27: 4 | AZ27: Литература | CL27: 89
F28: Макарова Н.П. | AZ28: Перевозчикова Е.Н.
C29: 15:50-17:20 | E29: 5 | F29: ОБ и защиты Родины | AR29: 2 | AW29: 15:50-17:20 | AY29: 5 | AZ29: Обществознание | CL29: 89
F30: Деветьярова Е.А. | AZ30: Семакина Н.А.
C31: 17:30-19:00 | E31: 6 | F31: Физика | AR31: 90 | AW31: 17:30-19:00 | AY31: 6 | AZ31: Математика | CL31: 84
F32: Дектерева О.А. | AZ32: Макарова Н.П.
C33: 19:10-20:40 | E33: 7 | AW33: 19:10-20:40 | AY33: 7
A35: =Даты!$B$4&" "&Даты!$C$4 -> Среда 23.09 | C35: 8:30-10:00 | E35: 1 | F35: Литература | AR35: 89 | AU35: =Даты!$B$4&" "&Даты!$C$4 -> Среда 23.09 | AW35: 8:30-10:00 | AY35: 1
F36: Перевозчикова Е.Н.
C37: 10:30-12:00 | E37: 2 | F37: Биология | AR37: 89 | AW37: 10:30-12:00 | AY37: 2
F38: Худякова Н.А.
C39: 12:10-13:40 | E39: 3 | F39: Физика | AR39: 90 | AW39: 12:10-13:40 | AY39: 3 | AZ39: История | CL39: 84
F40: Дектерева О.А. | AZ40: Окулова Е.С.
C41: 13:50-15:20 | E41: 4 | F41: Русский язык | AR41: 89 | AW41: 13:50-15:20 | AY41: 4 | AZ41: Физика | CL41: 90
F42: Ватолина О.А. | AZ42: Дектерева О.А.
C43: 15:50-17:20 | E43: 5 | AW43: 15:50-17:20 | AY43: 5 | AZ43: История | CL43: 89
AZ44: Окулова Е.С.
C45: 17:30-19:00 | E45: 6 | AW45: 17:30-19:00 | AY45: 6 | AZ45: Обществознание | CL45: 89
AZ46: Семакина Н.А.
C47: 19:10-20:40 | E47: 7 | AW47: 19:10-20:40 | AY47: 7
A49: =Даты!$B$5&" "&Даты!$C$5 -> Четверг 24.09 | C49: 8:30-10:00 | E49: 1 | AU49: =Даты!$B$5&" "&Даты!$C$5 -> Четверг 24.09 | AW49: 8:30-10:00 | AY49: 1
C51: 10:30-12:00 | E51: 2 | AW51: 10:30-12:00 | AY51: 2
C53: 12:10-13:40 | E53: 3 | AW53: 12:10-13:40 | AY53: 3 | AZ53: Математика | CL53: 84
AZ54: Макарова Н.П.
C55: 13:50-15:20 | E55: 4 | F55: ОБ и защиты Родины | AR55: 2 | AW55: 13:50-15:20 | AY55: 4 | AZ55: Литература | CL55: 83
F56: Деветьярова Е.А. | AZ56: Перевозчикова Е.Н.
C57: 15:50-17:20 | E57: 5 | F57: Математика | AR57: 84 | AW57: 15:50-17:20 | AY57: 5 | AZ57: Физика | CL57: 90
F58: Макарова Н.П. | AZ58: Дектерева О.А.
C59: 17:30-19:00 | E59: 6 | F59: История | AR59: 83 | AW59: 17:30-19:00 | AY59: 6 | AZ59: География | CL59: 59
F60: Окулова Е.С. | AZ60: Марьина Н.В.
C61: 19:10-20:40 | E61: 7 | AW61: 19:10-20:40 | AY61: 7
A63: =Даты!$B$6&" "&Даты!$C$6 -> Пятница 25.09 | C63: 8:30-10:00 | E63: 1 | F63: Информатика | AR63: 13 | AU63: =Даты!$B$6&" "&Даты!$C$6 -> Пятница 25.09 | AW63: 8:30-10:00 | AY63: 1 | AZ63: ОБ и защиты Родины | CL63: 2
F64: Тетенькин Д.А. | AZ64: Деветьярова Е.А.
C65: 10:30-12:00 | E65: 2 | F65: Иностранный язык | AR65: 84 | AW65: 10:30-12:00 | AY65: 2 | AZ65: Информатика | CL65: 13
F66: Кусакина О.В, | AZ66: Тетенькин Д.А.
C67: 12:10-13:40 | E67: 3 | F67: Химия | AR67: 7 | AW67: 12:10-13:40 | AY67: 3 | AZ67: Иностранный язык | CL67: 88
F68: Степанова И.И. | AZ68: Кусакина О.В,
C69: 13:50-15:20 | E69: 4 | AW69: 13:50-15:20 | AY69: 4
C71: 15:50-17:20 | E71: 5 | AW71: 15:50-17:20 | AY71: 5
C73: 17:30-19:00 | E73: 6 | AW73: 17:30-19:00 | AY73: 6
C75: 19:10-20:40 | E75: 7 | AW75: 19:10-20:40 | AY75: 7
A77: =Даты!$B$7&" "&Даты!$C$7 -> Суббота 26.09 | C77: 8:30-9:30 | E77: 1 | AU77: =Даты!$B$7&" "&Даты!$C$7 -> Суббота 26.09 | AW77: 8:30-9:30 | AY77: 1
C79: 9:45-10:45 | E79: 2 | AW79: 9:45-10:45 | AY79: 2
C81: 10:55-11:55 | E81: 3 | AW81: 10:55-11:55 | AY81: 3
C83: 12:05-13:05 | E83: 4 | AW83: 12:05-13:05 | AY83: 4
C85: 13:20-14:20 | E85: 5 | AW85: 13:20-14:20 | AY85: 5
C87: 14:30-15:30 | E87: 6 | AW87: 14:30-15:30 | AY87: 6
C89: 15:40-16:40 | E89: 7 | AW89: 15:40-16:40 | AY89: 7
A92: Дни | C92: Часы | F92: ЮР 11 | AR92: Ауд. | AU92: Дни | AW92: Часы | AZ92: ЮР 12 | CL92: Ауд.
A93: Недели | C93: Занятий | AU93: Недели | AW93: Занятий
A94: =Даты!$B$2&" "&Даты!$C$2 -> Понедельник 21.09 | C94: 8:30-9:30 | E94: 1 | F94: Литература | AR94: 90 | AU94: =Даты!$B$2&" "&Даты!$C$2 -> Понедельник 21.09 | AW94: 8:30-9:30 | AY94: 1 | AZ94: Информатика | CL94: 63
F95: Перевозчикова Е.Н. | AZ95: Петров АВ
C96: 10:00-11:00 | E96: 2 | F96: Биология | AR96: 84 | AW96: 10:00-11:00 | AY96: 2 | AZ96: Литература | CL96: 90
F97: Худякова Н.А. | AZ97: Перевозчикова Е.Н.
C98: 11:10-12:10 | E98: 3 | F98: Русский язык | AR98: 90 | AW98: 11:10-12:10 | AY98: 3 | AZ98: Биология | CL98: 89
F99: Ватолина О.А. | AZ99: Худякова Н.А.
C100: 12:10-12:55 | AW100: 12:10-12:55
C102: 12:55-13:40 | AW102: 12:55-13:40
C104: 13:40-14:40 | E104: 4 | AW104: 13:40-14:40 | AY104: 4
C106: 15:10-16:10 | E106: 5 | AW106: 15:10-16:10 | AY106: 5
C108: 16:20-17:20 | E108: 6 | AW108: 16:20-17:20 | AY108: 6
C110: 17:30-18:30 | E110: 7 | AW110: 17:30-18:30 | AY110: 7
A112: =Даты!$B$3&" "&Даты!$C$3 -> Вторник 22.09 | C112: 8:30-10:00 | E112: 1 | F112: История | AR112: 84 | AU112: =Даты!$B$3&" "&Даты!$C$3 -> Вторник 22.09 | AW112: 8:30-10:00 | AY112: 1 | AZ112: Русский язык | CL112: 88
F113: Окулова Е.С. | AZ113: Ватолина О.А.
C114: 10:30-12:00 | E114: 2 | F114: Русский язык | AR114: 84 | AW114: 10:30-12:00 | AY114: 2 | AZ114: История | CL114: 88
F115: Ватолина О.А. | AZ115: Окулова Е.С.
C116: 12:10-13:40 | E116: 3 | F116: Физическая культура | AR116: Спорт зал | AW116: 12:10-13:40 | AY116: 3 | AZ116: ОБ и защиты Родины | CL116: 2
F117: Чухланцева Г.Р. | AZ117: Деветьярова Е.А.
C118: 13:50-15:20 | E118: 4 | F118: Обществознание | AR118: 74 | AW118: 13:50-15:20 | AY118: 4
F119: Семакина Н.А.
C120: 15:50-17:20 | E120: 5 | AW120: 15:50-17:20 | AY120: 5
C122: 17:30-19:00 | E122: 6 | AW122: 17:30-19:00 | AY122: 6
C124: 19:10-20:40 | E124: 7 | AW124: 19:10-20:40 | AY124: 7
A126: =Даты!$B$4&" "&Даты!$C$4 -> Среда 23.09 | C126: 8:30-10:00 | E126: 1 | AU126: =Даты!$B$4&" "&Даты!$C$4 -> Среда 23.09 | AW126: 8:30-10:00 | AY126: 1
C128: 10:30-12:00 | E128: 2 | AW128: 10:30-12:00 | AY128: 2
C130: 12:10-13:40 | E130: 3 | F130: Химия | AR130: 88 | AW130: 12:10-13:40 | AY130: 3 | AZ130: Информатика | CL130: 63
F131: Степанова И.И. | AZ131: Петров АВ
C132: 13:50-15:20 | E132: 4 | F132: Обществознание | AR132: 84 | AW132: 13:50-15:20 | AY132: 4 | AZ132: Литература | CL132: 76
...

Sheet 2 курс
A1: Дни | C1: Часы | F1: ИСП 21-9 | AR1: Ауд. | AU1: Дни | AW1: Часы | AZ1: ИСП 22-9, 24-11 | CL1: Ауд.
A2: Недели | C2: Занятий | AU2: Недели | AW2: Занятий
A3: =Даты!$B$2&" "&Даты!$C$2 -> Понедельник 21.09 | C3: 8:30-9:30 | E3: 1 | F3: Основы проектироания БД | AR3: 17 | AU3: =Даты!$B$2&" "&Даты!$C$2 -> Понедельник 21.09 | AW3: 8:30-9:30 | AY3: 1 | AZ3: Физическая культура | CL3: Спорт зал
F4: Красноперов К.В. | AZ4: Демченков В.А.
C5: 10:00-11:00 | E5: 2 | F5: Основы проектироания БД | AR5: 17 | AW5: 10:00-11:00 | AY5: 2 | AZ5: Архитектура аппаратных средств | CL5: 16
F6: Красноперов К.В. | AZ6: Тетенькин Д.А.
C7: 11:10-12:10 | E7: 3 | F7: Основы проектироания БД | AR7: 17 | AW7: 11:10-12:10 | AY7: 3 | AZ7: Иностранный язык в ПД | CL7: 2
F8: Красноперов К.В. | AZ8: Кусакина О.В,
C9: 12:10-12:55 | AW9: 12:10-12:55
C11: 12:55-13:40 | AW11: 12:55-13:40
C13: 13:40-14:40 | E13: 4 | AW13: 13:40-14:40 | AY13: 4
C15: 15:10-16:10 | E15: 5 | AW15: 15:10-16:10 | AY15: 5
C17: 16:20-17:20 | E17: 6 | AW17: 16:20-17:20 | AY17: 6
C19: 17:30-18:30 | E19: 7 | AW19: 17:30-18:30 | AY19: 7
A21: =Даты!$B$3&" "&Даты!$C$3 -> Вторник 22.09 | C21: 8:30-9:10 | E21: 1 | F21: Основы проектироания БД | AR21: 16 | AU21: =Даты!$B$3&" "&Даты!$C$3 -> Вторник 22.09 | AW21: 8:30-9:10 | AY21: 1 | AZ21: Элементы высшей математики | CL21: 17
F22: Красноперов К.В. | AZ22: Дектерева О.А.
C23: 09:20-10:00 | E23: 2 | F23: Основы проектироания БД | AR23: 16 | AW23: 09:20-10:00 | AY23: 2 | AZ23: Элементы высшей математики | CL23: 17
F24: Красноперов К.В. | AZ24: Дектерева О.А.
C25: 10:10-10:50 | E25: 3 | AW25: 10:10-10:50 | AY25: 3
C27: 12:00-12:40 | E27: 4 | AW27: 12:00-12:40 | AY27: 4
C29: 12:50-13:30 | E29: 5 | AW29: 12:50-13:30 | AY29: 5
C31: 13:40-14:20 | E31: 6 | AW31: 13:40-14:20 | AY31: 6
C33: 14:30-15:10 | E33: 7 | AW33: 14:30-15:10 | AY33: 7
A35: =Даты!$B$4&" "&Даты!$C$4 -> Среда 23.09 | C35: 8:30-10:00 | E35: 1 | F35: Безопасность жизнедеятельности | AR35: 2 | AU35: =Даты!$B$4&" "&Даты!$C$4 -> Среда 23.09 | AW35: 8:30-10:00 | AY35: 1
F36: Деветьярова Е.А.
C37: 10:30-12:00 | E37: 2 | F37: Элементы высшей математики | AR37: 7 | AW37: 10:30-12:00 | AY37: 2
F38: Дектерева О.А.
C39: 12:10-13:40 | E39: 3 | F39: Физическая культура | AR39: Спорт зал | AW39: 12:10-13:40 | AY39: 3 | AZ39: Основы проектироания БД | CL39: 17
F40: Демченков В.А. | AZ40: Красноперов К.В.
C41: 13:50-15:20 | E41: 4 | AW41: 13:50-15:20 | AY41: 4 | AZ41: Архитектура аппаратных средств | CL41: 57
AZ42: Тетенькин Д.А.
C43: 15:50-17:20 | E43: 5 | AW43: 15:50-17:20 | AY43: 5 | AZ43: Архитектура аппаратных средств | CL43: 57
AZ44: Тетенькин Д.А.
C45: 17:30-19:00 | E45: 6 | AW45: 17:30-19:00 | AY45: 6
C47: 19:10-20:40 | E47: 7 | AW47: 19:10-20:40 | AY47: 7
A49: =Даты!$B$5&" "&Даты!$C$5 -> Четверг 24.09 | C49: 8:30-10:00 | E49: 1 | F49: МДК 02.01 Технол разраб ПО | AR49: 16 | AU49: =Даты!$B$5&" "&Даты!$C$5 -> Четверг 24.09 | AW49: 8:30-10:00 | AY49: 1 | AZ49: Иностранный язык в ПД | CL49: 17
F50: Красноперов К.В. | AZ50: Кусакина О.В,
C51: 10:30-12:00 | E51: 2 | F51: МДК 02.01 Технол разраб ПО | AR51: 16 | AW51: 10:30-12:00 | AY51: 2 | AZ51: Иностранный язык в ПД | CL51: 17
F52: Красноперов К.В. | AZ52: Кусакина О.В,
C53: 12:10-13:40 | E53: 3 | AW53: 12:10-13:40 | AY53: 3
C55: 13:50-15:20 | E55: 4 | AW55: 13:50-15:20 | AY55: 4
C57: 15:50-17:20 | E57: 5 | AW57: 15:50-17:20 | AY57: 5
C59: 17:30-19:00 | E59: 6 | AW59: 17:30-19:00 | AY59: 6
C61: 19:10-20:40 | E61: 7 | AW61: 19:10-20:40 | AY61: 7
A63: =Даты!$B$6&" "&Даты!$C$6 -> Пятница 25.09 | C63: 8:30-10:00 | E63: 1 | F63: Элементы высшей математики | AR63: 74 | AU63: =Даты!$B$6&" "&Даты!$C$6 -> Пятница 25.09 | AW63: 8:30-10:00 | AY63: 1
F64: Дектерева О.А.
C65: 10:30-12:00 | E65: 2 | F65: Элементы высшей математики | AR65: 74 | AW65: 10:30-12:00 | AY65: 2
F66: Дектерева О.А.
C67: 12:10-13:40 | E67: 3 | F67: Архитектура аппаратных средств | AR67: 57 | AW67: 12:10-13:40 | AY67: 3 | AZ67: Информационные технологии | CL67: с/р
F68: Тетенькин Д.А. | AZ68: Вахрушева Е.В.
C69: 13:50-15:20 | E69: 4 | F69: Информационные технологии | AR69: с/р | AW69: 13:50-15:20 | AY69: 4 | AZ69: Основы проектироания БД | CL69: 17
F70: Вахрушева Е.В. | AZ70: Красноперов К.В.
C71: 15:50-17:20 | E71: 5 | AW71: 15:50-17:20 | AY71: 5 | AZ71: Основы проектироания БД | CL71: 17
AZ72: Красноперов К.В.
C73: 17:30-19:00 | E73: 6 | AW73: 17:30-19:00 | AY73: 6 | AZ73: Элементы высшей математики | CL73: 76
AZ74: Дектерева О.А.
C75: 19:10-20:40 | E75: 7 | AW75: 19:10-20:40 | AY75: 7
A77: =Даты!$B$7&" "&Даты!$C$7 -> Суббота 26.09 | C77: 8:30-9:30 | E77: 1 | F77: Архитектура аппаратных средств | AR77: с/р | AU77: =Даты!$B$7&" "&Даты!$C$7 -> Суббота 26.09 | AW77: 8:30-9:30 | AY77: 1 | AZ77: Основы проектироания БД | CL77: с/р
F78: Тетенькин Д.А. | AZ78: Красноперов К.В.
C79: 9:45-10:45 | E79: 2 | F79: Архитектура аппаратных средств | AR79: с/р | AW79: 9:45-10:45 | AY79: 2 | AZ79: Основы проектироания БД | CL79: с/р
F80: Тетенькин Д.А. | AZ80: Красноперов К.В.
C81: 10:55-11:55 | E81: 3 | F81: Основы проектироания БД | AR81: с/р | AW81: 10:55-11:55 | AY81: 3 | AZ81: Архитектура аппаратных средств | CL81: с/р
F82: Красноперов К.В. | AZ82: Тетенькин Д.А.
C83: 12:05-13:05 | E83: 4 | F83: Основы проектироания БД | AR83: с/р | AW83: 12:05-13:05 | AY83: 4 | AZ83: Архитектура аппаратных средств | CL83: с/р
F84: Красноперов К.В. | AZ84: Тетенькин Д.А.
C85: 13:20-14:20 | E85: 5 | AW85: 13:20-14:20 | AY85: 5
C87: 14:30-15:30 | E87: 6 | AW87: 14:30-15:30 | AY87: 6
C89: 15:40-16:40 | E89: 7 | AW89: 15:40-16:40 | AY89: 7
A92: Дни | C92: Часы | F92: ИСП 23-9 | AR92: Ауд. | AU92: Дни | AW92: Часы | AZ92: ФС 21-9, 22-11 | CL92: Ауд.
A93: Недели | C93: Занятий | AU93: Недели | AW93: Занятий
A94: =Даты!$B$2&" "&Даты!$C$2 -> Понедельник 21.09 | C94: 8:30-9:30 | E94: 1 | AU94: =Даты!$B$2&" "&Даты!$C$2 -> Понедельник 21.09 | AW94: 8:30-9:30 | AY94: 1
C96: 10:00-11:00 | E96: 2 | AW96: 10:00-11:00 | AY96: 2
C98: 11:10-12:10 | E98: 3 | AW98: 11:10-12:10 | AY98: 3
C100: 12:10-12:55 | AW100: 12:10-12:55
C102: 12:55-13:40 | AW102: 12:55-13:40 | AZ102: 12.20-13.20 Математика | CL102: 84
AZ103: Макарова Н.П.
C104: 13:40-14:40 | E104: 4 | F104: Иностранный язык в ПД | AR104: 7 | AW104: 13:40-14:40 | AY104: 4 | AZ104: Основы финансовой грамотности | CL104: 85
F105: Кусакина О.В, | AZ105: Коробейникова Е.П.
C106: 15:10-16:10 | E106: 5 | F106: Информационные технологии | AR106: 17 | AW106: 15:10-16:10 | AY106: 5 | AZ106: Иностранный язык в ПД | CL106: 85
F107: Вахрушева Е.В. | AZ107: Кусакина О.В,
C108: 16:20-17:20 | E108: 6 | F108: Безопасность жизнедеятельности | AR108: 2 | AW108: 16:20-17:20 | AY108: 6 | AZ108: Основы бухгалтерского учета | CL108: 85
F109: Деветьярова Е.А. | AZ109: Попова В.М.
C110: 17:30-18:30 | E110: 7 | AW110: 17:30-18:30 | AY110: 7 | AZ110: Основы бухгалтерского учета | CL110: 85
AZ111: Попова В.М.
A112: =Даты!$B$3&" "&Даты!$C$3 -> Вторник 22.09 | C112: 8:30-9:10 | E112: 1 | F112: Иностранный язык в ПД | AR112: 13 | AU112: =Даты!$B$3&" "&Даты!$C$3 -> Вторник 22.09 | AW112: 8:30-9:10 | AY112: 1 | AZ112: Статистика | CL112: 90
F113: Кусакина О.В, | AZ113: Чернышева А.В.
C114: 09:20-10:00 | E114: 2 | F114: Иностранный язык в ПД | AR114: 13 | AW114: 09:20-10:00 | AY114: 2 | AZ114: Статистика | CL114: 90
F115: Кусакина О.В, | AZ115: Чернышева А.В.
C116: 10:10-10:50 | E116: 3 | AW116: 10:10-10:50 | AY116: 3
C118: 12:00-12:40 | E118: 4 | AW118: 12:00-12:40 | AY118: 4
C120: 12:50-13:30 | E120: 5 | AW120: 12:50-13:30 | AY120: 5
C122: 13:40-14:20 | E122: 6 | AW122: 13:40-14:20 | AY122: 6
C124: 14:30-15:10 | E124: 7 | AW124: 14:30-15:10 | AY124: 7
A126: =Даты!$B$4&" "&Даты!$C$4 -> Среда 23.09 | C126: 8:30-10:00 | E126: 1 | F126: Основы проектироания БД | AR126: 17 | AU126: =Даты!$B$4&" "&Даты!$C$4 -> Среда 23.09 | AW126: 8:30-10:00 | AY126: 1 | AZ126: Фин, денеж обращ и кредит | CL126: 105
F127: Красноперов К.В. | AZ127: Бесогонова Е.В.
C128: 10:30-12:00 | E128: 2 | F128: Основы проектироания БД | AR128: 17 | AW128: 10:30-12:00 | AY128: 2 | AZ128: МДК 01.01 Основы орг и функц бюдж системы РФ | CL128: э
F129: Красноперов К.В. | AZ129: Бесогонова Е.В.
C130: 12:10-13:40 | E130: 3 | F130: Архитектура аппаратных средств | AR130: 57 | AW130: 12:10-13:40 | AY130: 3 | AZ130: МДК 01.01 Основы орг и функц бюдж системы РФ | CL130: э
F131: Тетенькин Д.А. | AZ131: Бесогонова Е.В.
C132: 13:50-15:20 | E132: 4 | AW132: 13:50-15:20 | AY132: 4
...

Sheet 3 курс
A1: Дни | C1: Часы | F1: ИСП 31-9 | AR1: Ауд. | AU1: Дни | AW1: Часы | AZ1: ИСП 32-9, ИСП 34-11 | CL1: Ауд.
A2: Недели | C2: Занятий | AU2: Недели | AW2: Занятий
A3: =Даты!$B$2&" "&Даты!$C$2 -> Понедельник 21.09 | C3: 8:30-9:30 | E3: 1 | AU3: =Даты!$B$2&" "&Даты!$C$2 -> Понедельник 21.09 | AW3: 8:30-9:30 | AY3: 1 | AZ3: Проект и раз веб-прил | CL3: 13
AZ4: Заляев Р.И.
C5: 10:00-11:00 | E5: 2 | AW5: 10:00-11:00 | AY5: 2 | AZ5: Проект и раз веб-прил | CL5: 13
AZ6: Заляев Р.И.
C7: 11:10-12:10 | E7: 3 | AW7: 11:10-12:10 | AY7: 3 | AZ7: Проект и раз веб-прил | CL7: 13
AZ8: Заляев Р.И.
C9: 12:10-12:55 | AW9: 12:10-12:55
C11: 12:55-13:40 | AW11: 12:55-13:40
C13: 13:40-14:40 | E13: 4 | AW13: 13:40-14:40 | AY13: 4
C15: 15:10-16:10 | E15: 5 | F15: МДК 03.01 Моделир и анализ ПО | AR15: 57 | AW15: 15:10-16:10 | AY15: 5
F16: Шадрина А.Ю.
C17: 16:20-17:20 | E17: 6 | F17: Проект и раз веб-прил | AR17: 13 | AW17: 16:20-17:20 | AY17: 6
F18: Заляев Р.И.
C19: 17:30-18:30 | E19: 7 | F19: Проект и раз веб-прил | AR19: 13 | AW19: 17:30-18:30 | AY19: 7
F20: Заляев Р.И.
A21: =Даты!$B$3&" "&Даты!$C$3 -> Вторник 22.09 | C21: 8:30-10:00 | E21: 1 | AU21: =Даты!$B$3&" "&Даты!$C$3 -> Вторник 22.09 | AW21: 8:30-10:00 | AY21: 1
C23: 10:30-12:00 | E23: 2 | AW23: 10:30-12:00 | AY23: 2 | AZ23: Иностранный язык в ПД | CL23: 8
AZ24: Филоксенова З.М.
C25: 12:10-13:40 | E25: 3 | AW25: 12:10-13:40 | AY25: 3 | AZ25: МДК 03.02 Управление проектами | CL25: 17
AZ26: Красноперов К.В.
C27: 13:50-15:20 | E27: 4 | F27: МДК 03.01 Моделир и анализ ПО | AR27: 57 | AW27: 13:50-15:20 | AY27: 4 | AZ27: МДК 03.02 Управление проектами | CL27: 17
F28: Шадрина А.Ю. | AZ28: Красноперов К.В.
C29: 15:50-17:20 | E29: 5 | F29: Физическая культура | AR29: Спорт зал | AW29: 15:50-17:20 | AY29: 5
F30: Чухланцева Г.Р.
C31: 17:30-19:00 | E31: 6 | F31: Иностранный язык в ПД | AR31: 83 | AW31: 17:30-19:00 | AY31: 6
F32: Филоксенова З.М.
C33: 19:10-20:40 | E33: 7 | AW33: 19:10-20:40 | AY33: 7
A35: =Даты!$B$4&" "&Даты!$C$4 -> Среда 23.09 | C35: 8:30-10:00 | E35: 1 | AU35: =Даты!$B$4&" "&Даты!$C$4 -> Среда 23.09 | AW35: 8:30-10:00 | AY35: 1
C37: 10:30-12:00 | E37: 2 | AW37: 10:30-12:00 | AY37: 2
C39: 12:10-13:40 | E39: 3 | AW39: 12:10-13:40 | AY39: 3 | AZ39: Компьютерные сети | CL39: 16
AZ40: Ваганов М.А.
C41: 13:50-15:20 | E41: 4 | F41: МДК 03.02 Управление проектами | AR41: 17 | AW41: 13:50-15:20 | AY41: 4 | AZ41: Д/З МДК 03.01 Моделир и анализ ПО | CL41: 13
F42: Красноперов К.В. | AZ42: Шадрина А.Ю.
C43: 15:50-17:20 | E43: 5 | F43: МДК 03.02 Управление проектами | AR43: 17 | AW43: 15:50-17:20 | AY43: 5 | AZ43: Физическая культура | CL43: Спорт зал
F44: Красноперов К.В. | AZ44: Демченков В.А.
C45: 17:30-19:00 | E45: 6 | F45: МДК 03.01 Моделир и анализ ПО | AR45: с/р | AW45: 17:30-19:00 | AY45: 6
F46: Шадрина А.Ю.
C47: 19:10-20:40 | E47: 7 | AW47: 19:10-20:40 | AY47: 7
A49: =Даты!$B$5&" "&Даты!$C$5 -> Четверг 24.09 | C49: 8:30-10:00 | E49: 1 | AU49: =Даты!$B$5&" "&Даты!$C$5 -> Четверг 24.09 | AW49: 8:30-10:00 | AY49: 1
C51: 10:30-12:00 | E51: 2 | F51: Компьютерные сети | AR51: 47 | AW51: 10:30-12:00 | AY51: 2
F52: Ваганов М.А.
C53: 12:10-13:40 | E53: 3 | F53: Д/З МДК 03.01 Моделир и анализ ПО | AR53: 57 | AW53: 12:10-13:40 | AY53: 3
F54: Шадрина А.Ю.
C55: 13:50-15:20 | E55: 4 | F55: Компьютерные сети | AR55: 58 | AW55: 13:50-15:20 | AY55: 4 | AZ55: МДК 05.02 Разраб кода ИС | CL55: 13
F56: Ваганов М.А. | AZ56: Шадрина А.Ю.
C57: 15:50-17:20 | E57: 5 | AW57: 15:50-17:20 | AY57: 5 | AZ57: МДК 05.02 Разраб кода ИС | CL57: 13
AZ58: Шадрина А.Ю.
C59: 17:30-19:00 | E59: 6 | AW59: 17:30-19:00 | AY59: 6 | AZ59: МДК 05.02 Разраб кода ИС | CL59: 13
AZ60: Шадрина А.Ю.
C61: 19:10-20:40 | E61: 7 | AW61: 19:10-20:40 | AY61: 7
A63: =Даты!$B$6&" "&Даты!$C$6 -> Пятница 25.09 | C63: 8:30-10:00 | E63: 1 | F63: МДК 05.02 Разраб кода ИС | AR63: 57 | AU63: =Даты!$B$6&" "&Даты!$C$6 -> Пятница 25.09 | AW63: 8:30-10:00 | AY63: 1
F64: Шадрина А.Ю.
C65: 10:30-12:00 | E65: 2 | F65: МДК 05.02 Разраб кода ИС | AR65: 57 | AW65: 10:30-12:00 | AY65: 2
F66: Шадрина А.Ю.
C67: 12:10-13:40 | E67: 3 | F67: Компьютерные сети | AR67: с/р | AW67: 12:10-13:40 | AY67: 3
F68: Ваганов М.А.
C69: 13:50-15:20 | E69: 4 | AW69: 13:50-15:20 | AY69: 4 | AZ69: МДК 05.02 Разраб кода ИС | CL69: 47
AZ70: Шадрина А.Ю.
C71: 15:50-17:20 | E71: 5 | AW71: 15:50-17:20 | AY71: 5 | AZ71: МДК 05.02 Разраб кода ИС | CL71: 47
AZ72: Шадрина А.Ю.
C73: 17:30-19:00 | E73: 6 | AW73: 17:30-19:00 | AY73: 6 | AZ73: Компьютерные сети | CL73: с/р
AZ74: Ваганов М.А.
C75: 19:10-20:40 | E75: 7 | F75: Компьютерные сети | AR75: с/р | AW75: 19:10-20:40 | AY75: 7
F76: Ваганов М.А.
A77: =Даты!$B$7&" "&Даты!$C$7 -> Суббота 26.09 | C77: 8:30-9:30 | E77: 1 | F77: Проект и раз веб-прил | AR77: с/р | AU77: =Даты!$B$7&" "&Даты!$C$7 -> Суббота 26.09 | AW77: 8:30-9:30 | AY77: 1
F78: Заляев Р.И.
C79: 9:45-10:45 | E79: 2 | F79: Проект и раз веб-прил | AR79: с/р | AW79: 9:45-10:45 | AY79: 2
F80: Заляев Р.И.
C81: 10:55-11:55 | E81: 3 | F81: Проект и раз веб-прил | AR81: с/р | AW81: 10:55-11:55 | AY81: 3
F82: Заляев Р.И.
C83: 12:05-13:05 | E83: 4 | AW83: 12:05-13:05 | AY83: 4 | AZ83: Проект и раз веб-прил | CL83: с/р
AZ84: Заляев Р.И.
C85: 13:20-14:20 | E85: 5 | AW85: 13:20-14:20 | AY85: 5 | AZ85: Проект и раз веб-прил | CL85: с/р
AZ86: Заляев Р.И.
C87: 14:30-15:30 | E87: 6 | AW87: 14:30-15:30 | AY87: 6 | AZ87: Проект и раз веб-прил | CL87: с/р
AZ88: Заляев Р.И.
C89: 15:40-16:40 | E89: 7 | AW89: 15:40-16:40 | AY89: 7
A92: Дни | C92: Часы | F92: ИСП 33-9 | AR92: Ауд. | AU92: Дни | AW92: Часы | AZ92: ДС 31-9, ДС 32-11 | CL92: Ауд.
A93: Недели | C93: Занятий | AU93: Недели | AW93: Занятий
A94: =Даты!$B$2&" "&Даты!$C$2 -> Понедельник 21.09 | C94: 8:30-9:30 | E94: 1 | AU94: =Даты!$B$2&" "&Даты!$C$2 -> Понедельник 21.09 | AW94: 8:30-9:30 | AY94: 1 | AZ94: МДК 02.01 Выполн дизайн проект в мат | CL94: 8
AZ95: Рустер О.В.
C96: 10:00-11:00 | E96: 2 | AW96: 10:00-11:00 | AY96: 2 | AZ96: МДК 02.01 Выполн дизайн проект в мат | CL96: 8
AZ97: Рустер О.В.
C98: 11:10-12:10 | E98: 3 | AW98: 11:10-12:10 | AY98: 3 | AZ98: МДК 02.01 Выполн дизайн проект в мат | CL98: 8
AZ99: Рустер О.В.
C100: 12:10-12:55 | AW100: 12:10-12:55
C102: 12:55-13:40 | AW102: 12:55-13:40
C104: 13:40-14:40 | E104: 4 | F104: Проект и раз веб-прил | AR104: 13 | AW104: 13:40-14:40 | AY104: 4
F105: Заляев Р.И.
C106: 15:10-16:10 | E106: 5 | F106: Проект и раз веб-прил | AR106: 13 | AW106: 15:10-16:10 | AY106: 5
F107: Заляев Р.И.
C108: 16:20-17:20 | E108: 6 | F108: Д/З МДК 03.01 Моделир и анализ ПО | AR108: 17 | AW108: 16:20-17:20 | AY108: 6
F109: Шадрина А.Ю.
C110: 17:30-18:30 | E110: 7 | AW110: 17:30-18:30 | AY110: 7
A112: =Даты!$B$3&" "&Даты!$C$3 -> Вторник 22.09 | C112: 8:30-10:00 | E112: 1 | F112: МДК 05.02 Разраб кода ИС | AR112: 57 | AU112: =Даты!$B$3&" "&Даты!$C$3 -> Вторник 22.09 | AW112: 8:30-10:00 | AY112: 1
F113: Шадрина А.Ю.
C114: 10:30-12:00 | E114: 2 | F114: МДК 05.02 Разраб кода ИС | AR114: 57 | AW114: 10:30-12:00 | AY114: 2
F115: Шадрина А.Ю.
...

Sheet 4 курс
A1: Дни | C1: Часы | F1: ИСП 41-9, ИСП 45-11 | AU1: Дни | AW1: Часы | AZ1: ИСП 43-9 | CL1: Ауд.
A2: Недели | C2: Занятий | AU2: Недели | AW2: Занятий
A3: =Даты!$B$2&" "&Даты!$C$2 -> Понедельник 21.09 | C3: 8:30-9:30 | E3: 1 | AU3: =Даты!$B$2&" "&Даты!$C$2 -> Понедельник 21.09 | AW3: 8:30-9:30 | AY3: 1
C5: 10:00-11:00 | E5: 2 | AW5: 10:00-11:00 | AY5: 2
C7: 11:10-12:10 | E7: 3 | AW7: 11:10-12:10 | AY7: 3
C9: 12:10-12:55 | AW9: 12:10-12:55
C11: 12:55-13:40 | AW11: 12:55-13:40
C13: 13:40-14:40 | E13: 4 | F13: МДК 06.04 Интел системы и техн | AR13: 16 | AW13: 13:40-14:40 | AY13: 4 | AZ13: Проект и раз веб-прил | CL13: 17
F14: Тетенькин Д.А. | AZ14: Шадрина А.Ю.
C15: 15:10-16:10 | E15: 5 | F15: Осн работы в 1С | AR15: 45 | AW15: 15:10-16:10 | AY15: 5 | AZ15: МДК 06.04 Интел системы и техн | CL15: 16
F16: Лобанова Л.П. | AZ16: Тетенькин Д.А.
C17: 16:20-17:20 | E17: 6 | F17: Осн работы в 1С | AR17: 45 | AW17: 16:20-17:20 | AY17: 6 | AZ17: МДК 06.04 Интел системы и техн | CL17: 16
F18: Лобанова Л.П. | AZ18: Тетенькин Д.А.
C19: 17:30-18:30 | E19: 7 | AW19: 17:30-18:30 | AY19: 7
A21: =Даты!$B$3&" "&Даты!$C$3 -> Вторник 22.09 | C21: 8:30-10:00 | E21: 1 | AU21: =Даты!$B$3&" "&Даты!$C$3 -> Вторник 22.09 | AW21: 8:30-10:00 | AY21: 1
C23: 10:30-12:00 | E23: 2 | AW23: 10:30-12:00 | AY23: 2
C25: 12:10-13:40 | E25: 3 | F25: Проект и раз веб-прил | AR25: 16 | AW25: 12:10-13:40 | AY25: 3
F26: Шадрина А.Ю.
C27: 13:50-15:20 | E27: 4 | F27: МДК 06.04 Интел системы и техн | AR27: 16 | AW27: 13:50-15:20 | AY27: 4 | AZ27: Станд, сертиф и тех документ | CL27: 88
F28: Тетенькин Д.А. | AZ28: Федорова Т.В.
C29: 15:50-17:20 | E29: 5 | F29: МДК 06.04 Интел системы и техн | AR29: 16 | AW29: 15:50-17:20 | AY29: 5 | AZ29: Проект и раз веб-прил | CL29: 57
F30: Тетенькин Д.А. | AZ30: Шадрина А.Ю.
C31: 17:30-19:00 | E31: 6 | AW31: 17:30-19:00 | AY31: 6 | AZ31: Проект и раз веб-прил | CL31: 57
AZ32: Шадрина А.Ю.
C33: 19:10-20:40 | E33: 7 | AW33: 19:10-20:40 | AY33: 7
A35: =Даты!$B$4&" "&Даты!$C$4 -> Среда 23.09 | C35: 8:30-10:00 | E35: 1 | AU35: =Даты!$B$4&" "&Даты!$C$4 -> Среда 23.09 | AW35: 8:30-10:00 | AY35: 1 | AZ35: Осн работы в 1С | CL35: 45
AZ36: Лобанова Л.П.
C37: 10:30-12:00 | E37: 2 | AW37: 10:30-12:00 | AY37: 2 | AZ37: Физическая культура | CL37: Спорт зал
AZ38: Чухланцева Г.Р.
C39: 12:10-13:40 | E39: 3 | AW39: 12:10-13:40 | AY39: 3 | AZ39: Иностранный язык в ПД | CL39: 6
AZ40: Филоксенова З.М.
C41: 13:50-15:20 | E41: 4 | F41: Иностранный язык в ПД | AR41: 6 | AW41: 13:50-15:20 | AY41: 4
F42: Филоксенова З.М.
C43: 15:50-17:20 | E43: 5 | F43: Проект и раз веб-прил | AR43: 13 | AW43: 15:50-17:20 | AY43: 5
F44: Шадрина А.Ю.
C45: 17:30-19:00 | E45: 6 | F45: Проект и раз веб-прил | AR45: 13 | AW45: 17:30-19:00 | AY45: 6
F46: Шадрина А.Ю.
C47: 19:10-20:40 | E47: 7 | AW47: 19:10-20:40 | AY47: 7
A49: =Даты!$B$5&" "&Даты!$C$5 -> Четверг 24.09 | C49: 8:30-10:00 | E49: 1 | AU49: =Даты!$B$5&" "&Даты!$C$5 -> Четверг 24.09 | AW49: 8:30-10:00 | AY49: 1 | AZ49: МДК 06.04 Интел системы и техн | CL49: 57
AZ50: Тетенькин Д.А.
C51: 10:30-12:00 | E51: 2 | AW51: 10:30-12:00 | AY51: 2 | AZ51: МДК 06.04 Интел системы и техн | CL51: 57
AZ52: Тетенькин Д.А.
C53: 12:10-13:40 | E53: 3 | F53: МДК 06.04 Интел системы и техн | AR53: 16 | AW53: 12:10-13:40 | AY53: 3 | AZ53: МДК 07.01 Управл и автомат БД | CL53: 17
F54: Тетенькин Д.А. | AZ54: Красноперов К.В.
C55: 13:50-15:20 | E55: 4 | F55: МДК 06.04 Интел системы и техн | AR55: 16 | AW55: 13:50-15:20 | AY55: 4
F56: Тетенькин Д.А.
C57: 15:50-17:20 | E57: 5 | F57: Иностранный язык в ПД | AR57: 8 | AW57: 15:50-17:20 | AY57: 5
F58: Филоксенова З.М.
C59: 17:30-19:00 | E59: 6 | AW59: 17:30-19:00 | AY59: 6
C61: 19:10-20:40 | E61: 7 | AW61: 19:10-20:40 | AY61: 7
A63: =Даты!$B$6&" "&Даты!$C$6 -> Пятница 25.09 | C63: 8:30-10:00 | E63: 1 | AU63: =Даты!$B$6&" "&Даты!$C$6 -> Пятница 25.09 | AW63: 8:30-10:00 | AY63: 1
C65: 10:30-12:00 | E65: 2 | AW65: 10:30-12:00 | AY65: 2 | AZ65: Осн работы в 1С | CL65: 45
AZ66: Лобанова Л.П.
C67: 12:10-13:40 | E67: 3 | F67: Проект и раз веб-прил | AR67: 47 | AW67: 12:10-13:40 | AY67: 3 | AZ67: Осн работы в 1С | CL67: 45
F68: Шадрина А.Ю. | AZ68: Лобанова Л.П.
C69: 13:50-15:20 | E69: 4 | F69: Осн работы в 1С | AR69: 45 | AW69: 13:50-15:20 | AY69: 4
F70: Лобанова Л.П.
C71: 15:50-17:20 | E71: 5 | AW71: 15:50-17:20 | AY71: 5
C73: 17:30-19:00 | E73: 6 | AW73: 17:30-19:00 | AY73: 6
C75: 19:10-20:40 | E75: 7 | AW75: 19:10-20:40 | AY75: 7
A77: =Даты!$B$7&" "&Даты!$C$7 -> Суббота 26.09 | C77: 8:30-9:30 | E77: 1 | F77: МДК 06.03 Устройство и функц ИС | AR77: 16 | AU77: =Даты!$B$7&" "&Даты!$C$7 -> Суббота 26.09 | AW77: 8:30-9:30 | AY77: 1 | AZ77: МДК 06.03 Устройство и функц ИС | CL77: 13
F78: Логов А.Г. | AZ78: Логов А.Г.
C79: 9:45-10:45 | E79: 2 | F79: МДК 06.03 Устройство и функц ИС | AR79: 16 | AW79: 9:45-10:45 | AY79: 2 | AZ79: МДК 06.03 Устройство и функц ИС | CL79: 13
F80: Логов А.Г. | AZ80: Логов А.Г.
C81: 10:55-11:55 | E81: 3 | F81: МДК 06.03 Устройство и функц ИС | AR81: 16 | AW81: 10:55-11:55 | AY81: 3 | AZ81: МДК 06.03 Устройство и функц ИС | CL81: 13
F82: Логов А.Г. | AZ82: Логов А.Г.
C83: 12:05-13:05 | E83: 4 | F83: МДК 06.03 Устройство и функц ИС | AR83: 16 | AW83: 12:05-13:05 | AY83: 4 | AZ83: МДК 06.03 Устройство и функц ИС | CL83: 13
F84: Логов А.Г. | AZ84: Логов А.Г.
C85: 13:20-14:20 | E85: 5 | AW85: 13:20-14:20 | AY85: 5
C87: 14:30-15:30 | E87: 6 | AW87: 14:30-15:30 | AY87: 6
C89: 15:40-16:40 | E89: 7 | AW89: 15:40-16:40 | AY89: 7
A92: Дни | C92: Часы | F92: ИСП 44-9 | AR92: Ауд.
A93: Недели | C93: Занятий
A94: =Даты!$B$2&" "&Даты!$C$2 -> Понедельник 21.09 | C94: 8:30-9:30 | E94: 1 | F94: Проект и раз веб-прил | AR94: 47
F95: Шадрина А.Ю.
C96: 10:00-11:00 | E96: 2 | F96: Проект и раз веб-прил | AR96: 47
F97: Шадрина А.Ю.
C98: 11:10-12:10 | E98: 3 | F98: Проект и раз веб-прил | AR98: 47
F99: Шадрина А.Ю.
C100: 12:10-12:55
C102: 12:55-13:40
C104: 13:40-14:40 | E104: 4
C106: 15:10-16:10 | E106: 5
C108: 16:20-17:20 | E108: 6
C110: 17:30-18:30 | E110: 7
A112: =Даты!$B$3&" "&Даты!$C$3 -> Вторник 22.09 | C112: 8:30-10:00 | E112: 1
C114: 10:30-12:00 | E114: 2
C116: 12:10-13:40 | E116: 3 | F116: МДК 06.03 Устройство и функц ИС | AR116: 57
F117: Пантюхин Д.К.
C118: 13:50-15:20 | E118: 4 | F118: МДК 06.03 Устройство и функц ИС | AR118: 13
F119: Пантюхин Д.К.
C120: 15:50-17:20 | E120: 5 | F120: МДК 06.03 Устройство и функц ИС | AR120: 13
F121: Пантюхин Д.К.
C122: 17:30-19:00 | E122: 6 | F122: МДК 06.03 Устройство и функц ИС | AR122: 13
F123: Пантюхин Д.К.
C124: 19:10-20:40 | E124: 7
A126: =Даты!$B$4&" "&Даты!$C$4 -> Среда 23.09 | C126: 8:30-10:00 | E126: 1 | F126: Иностранный язык в ПД | AR126: 16
F127: Филоксенова З.М.
C128: 10:30-12:00 | E128: 2 | F128: Осн работы в 1С | AR128: 45
F129: Лобанова Л.П.
...

Sheet Даты
B1: День | C1: Число
B2: Понедельник | C2: 21.09
B3: Вторник | C3: 22.09
B4: Среда | C4: 23.09
B5: Четверг | C5: 24.09
B6: Пятница | C6: 25.09
B7: Суббота | C7: 26.09
